filename	source_path
3.6ABC 3.8A 3.4BC.pdf	/storage/emulated/0/Download/3.6ABC 3.8A 3.4BC.pdf
STAAR_ENGINE_SOP.md	/storage/emulated/0/Download/STAAR_ENGINE_SOP.md
extract_manifest.json	/storage/emulated/0/Download/extract_manifest.json
teks_engine_contract_bundle_v1.json	/storage/emulated/0/Download/teks_engine_contract_bundle_v1.json
CODING_RELIABILITY_SOP_v1.md	/storage/emulated/0/Download/CODING_RELIABILITY_SOP_v1.md
SUBSYSTEM_VALIDATOR_MATRIX_v1.json	/storage/emulated/0/Download/SUBSYSTEM_VALIDATOR_MATRIX_v1.json
PROMOTION_GATE_v1.json	/storage/emulated/0/Download/PROMOTION_GATE_v1.json
COMPANION_CHANGE_MATRIX_v1.json	/storage/emulated/0/Download/COMPANION_CHANGE_MATRIX_v1.json
staar_engine_v44_validator_scope_fix_3_8A_stage5c_pictograph_pair.html	/storage/emulated/0/Download/staar_engine_v44_validator_scope_fix_3_8A_stage5c_pictograph_pair.html
